epoch,alpha,lr,objective,val_auc,val_ap,linear_norm,cubic_norm,cubic_to_linear_ratio,linear_cubic_cosine,net_norm,net_to_linear_ratio,z_norm,w_norm,dataset,fold,split_seed,init_seed,embedding_dim,run_seconds,best_val_auc_in_split,useful_auc_threshold
400,0.000327275821516858,600.0,3.9991304536054257,0.8028741199092078,0.8300693254185337,360.2801131170675,242.9768224212772,0.674410864144271,0.9264832609929554,163.19108760210113,0.4529561351310964,12.521057846143734,14.485725617932358,cora,0,10000,110000,16,2.2295600729994476,0.8101317064002661,0.8020303893362635
410,0.000327275821516858,600.0,3.999083284158985,0.8047246598909916,0.831767958262309,372.6953530669118,259.5632639211852,0.6964488872352119,0.9308462709904956,161.7975882120468,0.4341282682507675,12.924272632993144,14.908295089309114,cora,0,10000,110000,16,2.2295600729994476,0.8101317064002661,0.8020303893362635
420,0.000327275821516858,600.0,3.9990369919344717,0.8068498894013215,0.8339882554195978,384.57851535976585,275.4770618071756,0.716309026128181,0.9351395118286343,160.14399587497095,0.4164143067772762,13.31871868935429,15.324064441431153,cora,0,10000,110000,16,2.2295600729994476,0.8101317064002661,0.8020303893362635
430,0.000327275821516858,600.0,3.998991710666376,0.8076739579869595,0.8350481091794151,395.9408611894844,290.73433600660985,0.7342872749561301,0.9392964731806762,158.25301374899553,0.3996885122529973,13.703772333339845,15.732151062379042,cora,0,10000,110000,16,2.2295600729994476,0.8101317064002661,0.8020303893362635
440,0.000327275821516858,600.0,3.9989475562912657,0.8084980265725976,0.8361937862720449,406.7971964146906,305.35911878528805,0.7506421417762276,0.9432755236916587,156.1480884278346,0.38384750387673927,14.07888979731217,16.131782537562305,cora,0,10000,110000,16,2.2295600729994476,0.8101317064002661,0.8020303893362635
450,0.000327275821516858,600.0,3.998904627287309,0.8091341496913358,0.8371575633926931,417.16462177784086,319.37845292921753,0.7655933323590922,0.9470553080311706,153.8510206858937,0.36880169758936643,14.443596041706071,16.52228407529279,cora,0,10000,110000,16,2.2295600729994476,0.8101317064002661,0.8020303893362635
460,0.000327275821516858,600.0,3.9988630061367862,0.8095244979687433,0.8382521174151276,427.06158835436764,332.82061464608955,0.779326972319321,0.9506284663136843,151.38096698250473,0.3544710437804387,14.797477465548045,16.903068808299423,cora,0,10000,110000,16,2.2295600729994476,0.8101317064002661,0.8020303893362635
470,0.000327275821516858,600.0,3.9988227610109446,0.8096256993739971,0.8388355881160642,436.5071315088652,345.71456327703413,0.7920020964652049,0.9539957910270763,148.7548084164194,0.34078437138523193,15.140176560981159,17.273629514082035,cora,0,10000,110000,16,2.2295600729994476,0.8101317064002661,0.8020303893362635
480,0.000327275821516858,600.0,3.9987839470491893,0.8091630643785511,0.8384564963191817,445.5202472698585,358.0894769674505,0.8037557869969266,0.9571619531662702,145.98825465914575,0.3276804040978151,15.471388125002468,17.63353170780839,cora,0,10000,110000,16,2.2295600729994476,0.8101317064002661,0.8020303893362635
490,0.000327275821516858,600.0,3.998746607039319,0.8094522112507048,0.838919022564183,454.11941675448605,369.973995554301,0.8147064007930821,0.960132989371273,143.09700973373828,0.3151087675493556,15.79085716512479,17.98240849133349,cora,0,10000,110000,16,2.2295600729994476,0.8101317064002661,0.8020303893362635
500,0.000327275821516858,600.0,3.9987107716316395,0.8092642657838047,0.8393059934386374,462.32228756091064,381.39526598437857,0.8249553963675826,0.9629151764452446,140.0975861074223,0.30303013693443137,16.09837849183237,18.319957330506664,cora,0,10000,110000,16,2.2295600729994476,0.8101317064002661,0.8020303893362635
510,0.000327275821516858,600.0,3.998676459352619,0.8095823273431739,0.8397629028038477,470.1455060547103,392.3780449688932,0.8345885261386133,0.9655147473058814,137.00765100361784,0.29141542190488234,16.393797642216548,18.64593852316824,cora,0,10000,110000,16,2.2295600729994476,0.8101317064002661,0.8020303893362635
520,0.000327275821516858,600.0,3.9986436766641957,0.8096112420303894,0.8398266729276161,477.60467771065476,402.94406878140353,0.8436769729996603,0.9679379815358524,133.84598386119748,0.28024429011619695,16.677012527843306,18.960174809708274,cora,0,10000,110000,16,2.2295600729994476,0.8101317064002661,0.8020303893362635
530,0.000327275821516858,600.0,3.998612418224392,0.8097269007792509,0.8399890111262348,484.71442253310374,413.11177990109354,0.8522787041123785,0.9701913756485684,130.63219399729942,0.26950341876484574,16.947975145217622,19.262551470389262,cora,0,10000,110000,16,2.2295600729994476,0.8101317064002661,0.8020303893362635
540,0.000327275821516858,600.0,3.998582667409721,0.8101027917130507,0.840163783642401,491.4884906148791,422.89639105063225,0.8604400695559842,0.9722817580425763,127.38633259347785,0.2591847724330443,17.20669279420901,19.55301631935832,cora,0,10000,110000,16,2.2295600729994476,0.8101317064002661,0.8020303893362635
550,0.000327275821516858,600.0,3.9985543970924295,0.8098425595281123,0.8399324586385462,497.93990697659564,432.3102039335035,0.8681975432706643,0.9742163187272024,124.12848414883035,0.2492840650240646,17.453228434993253,19.83157916395058,cora,0,10000,110000,16,2.2295600729994476,0.8101317064002661,0.8020303893362635
560,0.000327275821516858,600.0,3.9985275706311665,0.8100594196822276,0.8403765857449675,504.08112188504816,441.36308205695275,0.8755794710312564,0.9760025735939599,120.87837541132951,0.23979944926184898,17.68770000324077,20.098310475100924,cora,0,10000,110000,16,2.2295600729994476,0.8101317064002661,0.8020303893362635
570,0.000327275821516858,600.0,3.9985021430230896,0.8101317064002661,0.8402390511665666,509.9241503861315,450.0629885959954,0.8826077138240909,0.9776482947267396,117.65501020740524,0.23073041376509223,17.910278653968216,20.353339165345,cora,0,10000,110000,16,2.2295600729994476,0.8101317064002661,0.8020303893362635
580,0.000327275821516858,600.0,3.9984780621669938,0.8095534126559586,0.8397079476946229,515.4806913506402,458.41652426352977,0.8892991181927816,0.9791614312860103,114.47632757962207,0.22207684885281764,18.12118600440324,20.596849479040756,cora,0,10000,110000,16,2.2295600729994476,0.8101317064002661,0.8020303893362635
590,0.000327275821516858,600.0,3.9984552701919727,0.808570313290636,0.8392418702505569,520.7622213714459,466.4294246885242,0.895666785236774,0.9805500337010054,111.35888222510803,0.2138382502706138,18.32069050197352,20.82907706796853,cora,0,10000,110000,16,2.2295600729994476,0.8101317064002661,0.8020303893362635
600,0.000327275821516858,600.0,3.9984337048101417,0.8078619034538594,0.8390521231574186,525.7800623883753,474.10699604705167,0.9017211377194547,0.9818221844312818,108.31755309839629,0.2060130477492049,18.509103068899325,21.050304365112225,cora,0,10000,110000,16,2.2295600729994476,0.8101317064002661,0.8020303893362635
470,0.000327275821516858,600.0,3.9989042034783076,0.8055053564458067,0.8399346184965228,409.87178479265935,308.5526280108568,0.7528028018980214,0.9462837100663157,154.44173453143134,0.37680499185753497,14.689446935147686,16.72479228681382,cora,1,10001,110001,16,1.9533249780070037,0.813211120588703,0.805079009382816
480,0.000327275821516858,600.0,3.9988622772588824,0.80635833971866,0.8409141273560254,419.97904957305684,322.00299836733404,0.7667120507431895,0.9501942609145736,151.88882898629336,0.36165810923354585,15.041466267355165,17.103254781289614,cora,1,10001,110001,16,1.9533249780070037,0.813211120588703,0.805079009382816
490,0.000327275821516858,600.0,3.9988217971784614,0.8074281831456288,0.8422597273462296,429.67752724885145,335.0909438726063,0.7798661149865898,0.953865947890674,149.10224717469532,0.3470096472798343,15.381965683310431,17.47134764051794,cora,1,10001,110001,16,1.9533249780070037,0.813211120588703,0.805079009382816
500,0.000327275821516858,600.0,3.9987828530502187,0.8084257398545591,0.8435266711186117,438.96993914842267,347.81650424800074,0.7923469769313713,0.9572949947757462,146.11445383705416,0.33285753944907503,15.71043044039906,17.82841301606611,cora,1,10001,110001,16,1.9533249780070037,0.813211120588703,0.805079009382816
510,0.000327275821516858,600.0,3.9987455111511614,0.8084257398545591,0.8437264976048982,447.86005447301034,360.1753771969272,0.8042141146540512,0.9604843492225331,142.95802455762373,0.31920244533940434,16.02644143535374,18.173900640242465,cora,1,10001,110001,16,1.9533249780070037,0.813211120588703,0.805079009382816
520,0.000327275821516858,600.0,3.998709815202535,0.8087727161011437,0.8441013962786115,456.35282605839205,372.16094616697524,0.8155114308843041,0.9634407711340589,139.6655654615471,0.30604733330538497,16.32967789817566,18.50737012567906,cora,1,10001,110001,16,1.9533249780070037,0.813211120588703,0.805079009382816
530,0.000327275821516858,600.0,3.998675787570986,0.8093510098454512,0.8448290319036131,464.4544454385964,383.7657032824029,0.8262719994422768,0.9661730422556459,136.26966328791272,0.29339726344793565,16.619917430709762,18.828490711221804,cora,1,10001,110001,16,1.9533249780070037,0.813211120588703,0.805079009382816
540,0.000327275821516858,600.0,3.9986434306890857,0.810088334369443,0.8456292760190998,472.1723396071837,394.9821593553064,0.8365211729342417,0.9686910338902829,132.80265956624365,0.2812588718702301,16.89703411070574,19.137039078471286,cora,1,10001,110001,16,1.9533249780070037,0.813211120588703,0.805079009382816
550,0.000327275821516858,600.0,3.998612728746334,0.8109846896731195,0.8462069368864884,479.5151275412964,405.80341644629544,0.8462786534536331,0.9710053021908458,129.29620150444003,0.26963946302883823,17.160995118427444,19.43289562866054,cora,1,10001,110001,16,1.9533249780070037,0.813211120588703,0.805079009382816
560,0.000327275821516858,600.0,3.998583649679045,0.8115485260738192,0.8467418964244559,486.49254772658054,416.2235603864086,0.8555599922988654,0.973126933029711,125.78063041164368,0.2585458523453789,17.41185611908066,19.71603941639939,cora,1,10001,110001,16,1.9533249780070037,0.813211120588703,0.805079009382816
570,0.000327275821516858,600.0,3.9985561474317173,0.8120111610692652,0.8468869875682573,493.11536269038544,426.2379718245071,0.8643777989373473,0.9750674557709166,122.28431501450191,0.24798317851492516,17.64975551519339,19.98654184408469,cora,1,10001,110001,16,1.9533249780070037,0.813211120588703,0.805079009382816
580,0.000327275821516858,600.0,3.998530164408587,0.8124015093466727,0.8469547685283443,499.39524404268326,435.84359594297183,0.8727427846824275,0.9768387374215389,118.83303538828154,0.23795387882813898,17.87490766286906,20.244559220308222,cora,1,10001,110001,16,1.9533249780070037,0.813211120588703,0.805079009382816
590,0.000327275821516858,600.0,3.99850563400109,0.812849686998511,0.8474190905294524,505.3446412026459,445.039171894107,0.8806646704217131,0.9784528334839275,115.44949485183626,0.2284569488598582,18.087595186796886,20.490324339210435,cora,1,10001,110001,16,1.9533249780070037,0.813211120588703,0.805079009382816
600,0.000327275821516858,600.0,3.9984824830695356,0.813211120588703,0.8477317223107872,510.97663777368217,453.8254058899856,0.8881529454405124,0.9799218068193517,112.15300082638785,0.21948753139681074,18.288160589790323,20.724137304878585,cora,1,10001,110001,16,1.9533249780070037,0.813211120588703,0.805079009382816
330,0.000327275821516858,600.0,3.9995565499092365,0.8097269007792509,0.8399549768743548,218.8949095793479,66.20988902682429,0.30247340677798473,0.9246834340125196,159.67417649220152,0.7294558690243125,9.002585505305348,10.900025839368865,cora,2,10002,110002,16,3.336543492972851,0.8177796411687317,0.8096018447570443
340,0.000327275821516858,600.0,3.9995098768645283,0.81160635544825,0.8417364505659932,233.96923173522694,78.86537608864487,0.33707584327965595,0.9253782163309419,163.74082876608412,0.6998391521470766,9.42628965218703,11.312833229505628,cora,2,10002,110002,16,3.336543492972851,0.8177796411687317,0.8096018447570443
350,0.000327275821516858,600.0,3.9994611207531308,0.8133123219939569,0.8431561244967523,249.37089395000913,93.26161994717415,0.37398759121371283,0.9261291713745441,166.75159305013656,0.6686890775776138,9.86092582119976,11.740247260499054,cora,2,10002,110002,16,3.336543492972851,0.8177796411687317,0.8096018447570443
360,0.000327275821516858,600.0,3.9994108832366013,0.8142954213592795,0.8443317634075758,264.9421700307137,109.2947113038163,0.41252289618955784,0.9270508144659867,168.67388104752717,0.6366441439955499,10.303098997978989,12.179022815822153,cora,2,10002,110002,16,3.336543492972851,0.8177796411687317,0.8096018447570443
370,0.000327275821516858,600.0,3.999359792638245,0.8151773193193483,0.8454883470007267,280.51956136399355,126.757604743309,0.4518672570531801,0.9282203123649473,169.5506467145788,0.6044164830793212,10.749206739243983,12.625608168025337,cora,2,10002,110002,16,3.336543492972851,0.8177796411687317,0.8096018447570443
380,0.000327275821516858,600.0,3.9993084475957437,0.8159869305613787,0.8465569579300871,295.9445385577083,145.3540079334848,0.49115286479645986,0.9296786030249864,169.49188852831423,0.57271504098145,11.195665176110932,13.07636998722956,cora,2,10002,110002,16,3.336543492972851,0.8177796411687317,0.8096018447570443
390,0.000327275821516858,600.0,3.9992573703997274,0.8164495655568245,0.8477267822402043,311.07366591958896,164.7270605389837,0.5295435730698106,0.9314354367045325,168.65388811256872,0.5421670381965568,11.639126251471609,13.527818643870171,cora,2,10002,110002,16,3.336543492972851,0.8177796411687317,0.8096018447570443
400,0.000327275821516858,600.0,3.999206978875141,0.8167820844598013,0.8482923527237909,325.78652143472306,184.49693544800436,0.5663123650281876,0.9334762814078992,167.21177640121041,0.5132556609918381,12.076651527211514,13.976797616832046,cora,2,10002,110002,16,3.336543492972851,0.8177796411687317,0.8096018447570443
410,0.000327275821516858,600.0,3.9991575794907086,0.817172432737209,0.8491504557260456,339.9903681200249,204.29912969195473,0.6008968160528363,0.9357695747885362,165.33290350910593,0.48628702166862375,12.505819447036073,14.420611099449177,cora,2,10002,110002,16,3.336543492972851,0.8177796411687317,0.8096018447570443
420,0.000327275821516858,600.0,3.999109378205146,0.8172736341424627,0.849555923206426,353.62131327296527,223.81577893547,0.6329250261075283,0.9382733507705774,163.157332560812,0.46138998537927084,12.924759814659291,14.857080297287741,cora,2,10002,110002,16,3.336543492972851,0.8177796411687317,0.8096018447570443
430,0.000327275821516858,600.0,3.999062501872992,0.8174326649221472,0.8501198630381951,366.64242495678354,242.79528127201056,0.6622127302933616,0.9409407074917967,160.7884302626051,0.4385428944333361,13.33212511278017,15.284535126904322,cora,2,10002,110002,16,3.336543492972851,0.8177796411687317,0.8096018447570443
440,0.000327275821516858,600.0,3.9990170226097184,0.8175049516401858,0.8504272868355771,379.039740753838,261.05928864967836,0.6887385690230821,0.9437239150438607,158.29286768687697,0.4176154916422815,13.727018304901502,15.701758947467356,cora,2,10002,110002,16,3.336543492972851,0.8177796411687317,0.8096018447570443
450,0.000327275821516858,600.0,3.998972979462693,0.8172302621116396,0.8506530203774221,390.8172325726468,278.4991655490295,0.7126071788486473,0.9465772093601568,155.70698161234563,0.3984138073630163,14.108899433541408,16.107907706011932,cora,2,10002,110002,16,3.336543492972851,0.8177796411687317,0.8096018447570443
460,0.000327275821516858,600.0,3.998930394504147,0.8177796411687317,0.851468045094612,401.9916498423363,295.0655423743377,0.7340091330008082,0.9494584847934486,153.04588632603333,0.3807190681350195,14.477490172577834,16.502422646642795,cora,2,10002,110002,16,3.336543492972851,0.8177796411687317,0.8096018447570443
470,0.000327275821516858,600.0,3.9988892828303313,0.8172302621116396,0.8512916549345352,412.58788216802,310.75468145627883,0.7531842181679219,0.9523301754084518,150.3124809428804,0.3643162764573585,14.832689391275368,16.884950240909866,cora,2,10002,110002,16,3.336543492972851,0.8177796411687317,0.8096018447570443
480,0.000327275821516858,600.0,3.9988496573981362,0.8168399138342322,0.8509763913607928,422.635182786813,325.59458012767493,0.7703915655595394,0.9551596107613364,147.50473367583126,0.3490119603938323,15.174506381981216,17.255276866311785,cora,2,10002,110002,16,3.336543492972851,0.8177796411687317,0.8096018447570443
490,0.000327275821516858,600.0,3.9988115302015856,0.8161459613410632,0.8505709065292368,432.16435076329776,339.63265382880655,0.7858877143127151,0.9579190727334597,144.62071085850894,0.3346428519684162,15.503013284983407,17.613280663558136,cora,2,10002,110002,16,3.336543492972851,0.8177796411687317,0.8096018447570443
500,0.000327275821516858,600.0,3.9987749112795847,0.8152496060373867,0.8499540134340211,441.2058090816342,352.9258707932359,0.7999121125078744,0.960585700348708,141.6615007759912,0.3210780498807536,15.818314941215046,17.95889957502942,cora,2,10002,110002,16,3.336543492972851,0.8177796411687317,0.8096018447570443
510,0.000327275821516858,600.0,3.9987398067550077,0.813717127614972,0.8492930383801238,449.7884315993043,365.53351569672117,0.8126787841052303,0.9631413170984464,138.63248337444557,0.3082170941602759,16.12053275248628,18.292112733108205,cora,2,10002,110002,16,3.336543492972851,0.8177796411687317,0.8096018447570443
520,0.000327275821516858,600.0,3.998706216741242,0.8127484855932572,0.848817462483,457.9389441250058,377.5123508144783,0.8243726716359527,0.9655722045061956,135.54344961119122,0.2959858543373662,16.409798676264256,18.612931733165706,cora,2,10002,110002,16,3.336543492972851,0.8177796411687317,0.8096018447570443
530,0.000327275821516858,600.0,3.9986741336226865,0.8117364715407192,0.8483204469407768,465.681732027162,388.9137548787851,0.8351492621061217,0.9678688192131888,132.40800810741632,0.2843315487833938,16.68625575416962,18.921398447725483,cora,2,10002,110002,16,3.336543492972851,0.8177796411687317,0.8096018447570443
540,0.000327275821516858,600.0,3.9986435409584233,0.8112449218580577,0.8481165867041921,473.0389114911474,399.78237330223027,0.8451363378162854,0.9700254445164503,129.2426158477282,0.27321772629723057,16.950062198978998,19.217586552813952,cora,2,10002,110002,16,3.336543492972851,0.8177796411687317,0.8096018447570443
550,0.000327275821516858,600.0,3.9986144130759955,0.8103341092107735,0.8477541657800941,480.0305522704066,410.15584433676247,0.8544369569745992,0.9720397739098382,126.06547383408623,0.26261968792993023,17.20139679886761,19.501604596505825,cora,2,10002,110002,16,3.336543492972851,0.8177796411687317,0.8096018447570443
390,0.000327275821516858,600.0,3.999273685762865,0.7978285069901255,0.8313078806310329,303.29803380549146,147.98008950028566,0.4879032272104573,0.9297231299947644,174.44771895184647,0.5751693038132975,11.488920376207567,13.367335482970862,cora,3,10003,110003,16,2.1205118920188397,0.8047246598909916,0.7966774132920817
400,0.000327275821516858,600.0,3.9992195070124303,0.7998091630643787,0.8326291958305848,319.02585529247204,167.62298251474067,0.5254213090693531,0.9318545462510192,173.81349591776095,0.5448257344484341,11.94448347330034,13.829596703634019,cora,3,10003,110003,16,2.1205118920188397,0.8047246598909916,0.7966774132920817
410,0.000327275821516858,600.0,3.999165935683061,0.801399470861224,0.8338684029481558,334.38031277053244,187.82563200035497,0.5617125914026218,0.9341479610294351,172.4818093750924,0.5158252528265849,12.394630800672356,14.289694111561396,cora,3,10003,110003,16,2.1205118920188397,0.8047246598909916,0.7966774132920817
420,0.000327275821516858,600.0,3.99911334709384,0.8026428024114849,0.834764191827845,349.25269326974325,208.21770020934736,0.5961806572198189,0.9366031175679636,170.62059367053834,0.4885305022938235,12.836704331250443,14.744741673761263,cora,3,10003,110003,16,2.1205118920188397,0.8047246598909916,0.7966774132920817
430,0.000327275821516858,600.0,3.9990620087110624,0.8029753213144617,0.8353518971360423,363.562394731418,228.45758480940825,0.6283861810795406,0.9392094252508351,168.37953587649767,0.4631379326260852,13.268573167499563,15.19234707969444,cora,3,10003,110003,16,2.1205118920188397,0.8047246598909916,0.7966774132920817
440,0.000327275821516858,600.0,3.9990120975210317,0.8032066388121847,0.8359428643147258,377.25688553846527,248.25891086872247,0.658063299532302,0.9419469506401297,165.87546800499513,0.43968837777006564,13.688632863063237,15.630628536710677,cora,3,10003,110003,16,2.1205118920188397,0.8047246598909916,0.7966774132920817
450,0.000327275821516858,600.0,3.9989637240920413,0.8031488094377539,0.8363856263692294,390.308983257258,267.4053650920979,0.6851119921978516,0.9447879383823811,163.18806384727307,0.4180996872923972,14.095752708508773,16.058177193822857,cora,3,10003,110003,16,2.1205118920188397,0.8047246598909916,0.7966774132920817
460,0.000327275821516858,600.0,3.998916956161749,0.8031343520941461,0.8366712961131807,402.71241082000785,285.7536057476022,0.7095723848335026,0.9476988481725158,160.36405936384227,0.39820987646570677,14.489191961932452,16.473985048425746,cora,3,10003,110003,16,2.1205118920188397,0.8047246598909916,0.7966774132920817
470,0.000327275821516858,600.0,3.99887183716593,0.8036403591204151,0.8374539638015677,414.4766494029854,303.22662248221224,0.7315891568776712,0.9506427611457036,157.426297174891,0.3798194600386988,14.868506179346484,16.877359175587667,cora,3,10003,110003,16,2.1205118920188397,0.8047246598909916,0.7966774132920817
480,0.000327275821516858,600.0,3.998828398074416,0.8040885367722536,0.8380061132607147,425.6219319252569,319.8012105406637,0.7513738991176416,0.9535819108755916,154.38382886915522,0.36272526693071455,15.233460126652382,17.26783907815092,cora,3,10003,110003,16,2.1205118920188397,0.8047246598909916,0.7966774132920817
490,0.000327275821516858,600.0,3.998786663122367,0.8047246598909916,0.8388896010729331,436.17493038849506,335.4932157296946,0.7691712484045687,0.9564800595482874,151.24046449097122,0.3467426804109613,15.583957059428968,17.645127628252933,cora,3,10003,110003,16,2.1205118920188397,0.8047246598909916,0.7966774132920817
500,0.000327275821516858,600.0,3.9987466511496557,0.8044499703624457,0.8391367087775101,446.16539538647424,350.34337096152376,0.7852320565068741,0.9593044737071817,148.00062296821244,0.3317169473441847,15.91998785088352,18.00903988439077,cora,3,10003,110003,16,2.1205118920188397,0.8047246598909916,0.7966774132920817
510,0.000327275821516858,600.0,3.998708374460606,0.8042186528647226,0.8394065953926515,455.62377535145947,364.4054246177228,0.7997945768669061,0.9620273387385188,144.67247228322012,0.3175261698571865,16.24159887469264,18.359469436734468,cora,3,10003,110003,16,2.1205118920188397,0.8047246598909916,0.7966774132920817
520,0.000327275821516858,600.0,3.998671836775545,0.8045077997368764,0.8396764036370085,464.57969917251387,377.73724747446863,0.8130730812114161,0.964626556836814,141.2689483564366,0.3040790387700061,16.548875014904414,18.696369247567944,cora,3,10003,110003,16,2.1205118920188397,0.8047246598909916,0.7966774132920817
530,0.000327275821516858,600.0,3.998637031317213,0.8042186528647226,0.8396958475673397,473.06114012228215,390.39488320424886,0.8252524887234136,0.9670859695132876,137.80739829910945,0.2913099103077616,16.841933334513165,19.01974293666378,cora,3,10003,110003,16,2.1205118920188397,0.8047246598909916,0.7966774132920817
540,0.000327275821516858,600.0,3.9986039395804887,0.8039584206797843,0.8395746376361577,481.0940690704181,402.4291003018685,0.8364873445217316,0.9693951126874649,134.30849729835117,0.279173047295855,17.12092320111776,19.329642569191257,cora,3,10003,110003,16,2.1205118920188397,0.8047246598909916,0.7966774132920817
550,0.000327275821516858,600.0,3.99857253096731,0.8037993899000999,0.8396551868585638,488.7024270415037,413.8838469986716,0.8469036045190788,0.9715486433942057,130.79490210632642,0.2676371036217884,17.386029489002556,19.62616970241598,cora,3,10003,110003,16,2.1205118920188397,0.8047246598909916,0.7966774132920817
560,0.000327275821516858,600.0,3.9985427632414634,0.8034813283407305,0.8395906573528529,495.90828271655596,424.79601676666584,0.8566019797847672,0.9735455767208749,127.28992397467624,0.2566803750027921,17.63747645245826,19.90947734025183,cora,3,10003,110003,16,2.1205118920188397,0.8047246598909916,0.7966774132920817
570,0.000327275821516858,600.0,3.998514583642733,0.803090980063323,0.8394127271790068,502.7320775790915,435.19602195781624,0.8656619328002793,0.9753884503608609,123.81636823988568,0.24628698617387604,17.87553076276561,20.17977129325626,cora,3,10003,110003,16,2.1205118920188397,0.8047246598909916,0.7966774132920817
580,0.000327275821516858,600.0,3.998487930460433,0.8034234989662999,0.8394850319190437,509.1928938689559,445.108791612423,0.8741457254644536,0.9770825035943839,120.39560064135155,0.23644399222966403,18.100502918856,20.437310134646513,cora,3,10003,110003,16,2.1205118920188397,0.8047246598909916,0.7966774132920817
590,0.000327275821516858,600.0,3.9984627348709747,0.8031632667813617,0.8393897216833917,515.308706045125,454.5549240856236,0.8821021627486705,0.9786349265567685,117.04685129644882,0.2271392854872496,18.312746759272155,20.68240345155665,cora,3,10003,110003,16,2.1205118920188397,0.8047246598909916,0.7966774132920817
600,0.000327275821516858,600.0,3.998438922870843,0.8029464066272463,0.839465005685519,521.0965950381348,463.55182086375544,0.8895698518809779,0.9800542096020848,113.78674273870159,0.21836017318511644,18.512657142769008,20.91540843017078,cora,3,10003,110003,16,2.1205118920188397,0.8047246598909916,0.7966774132920817
390,0.000327275821516858,600.0,3.999243209352239,0.7994766441614017,0.8332746841276194,315.00351650989927,170.1857199585192,0.5402660955791931,0.9242032647137466,170.5842424102061,0.5415312320960878,11.70110741591193,13.614629230491994,cora,4,10004,110004,16,2.2521592170232907,0.8065173704983448,0.7984521967933613
400,0.000327275821516858,600.0,3.9991915448447983,0.8002428833726092,0.8336453364864223,329.66051143080875,189.2007333648265,0.5739259838663969,0.9278289174625252,169.50475006168963,0.5141797218174442,12.14128155954882,14.067653397346266,cora,4,10004,110004,16,2.2521592170232907,0.8065173704983448,0.7984521967933613
410,0.000327275821516858,600.0,3.9991406957674682,0.8009079211785626,0.8343882651379695,343.86130935071344,208.23355520890215,0.6055742520206573,0.9316567048472305,167.87531354418152,0.4882064628357503,12.574021015192194,14.516412369758578,cora,4,10004,110004,16,2.2521592170232907,0.8065173704983448,0.7984521967933613
420,0.000327275821516858,600.0,3.999090958662214,0.8015729589845162,0.834664700039152,357.5443971060302,227.0693625350359,0.6350801868885061,0.9355779835750007,165.78372624207873,0.46367312027243257,12.997366221791317,14.958663230133718,cora,4,10004,110004,16,2.2521592170232907,0.8065173704983448,0.7984521967933613
430,0.000327275821516858,600.0,3.9990425699882484,0.8022379967904697,0.8349349250840379,370.66648042396594,245.53655298589044,0.6624190908901374,0.9394951557861699,163.31213385624056,0.44059051055667403,13.40972430575314,15.392521342331598,cora,4,10004,110004,16,2.2521592170232907,0.8065173704983448,0.7984521967933613
440,0.000327275821516858,600.0,3.9989957099971956,0.8030476080325002,0.8356536857035689,383.20040621609655,263.5034377550709,0.6876387224038445,0.9433288111858765,160.53681280912082,0.4189369588470373,13.809844330154862,15.816447496230644,cora,4,10004,110004,16,2.2521592170232907,0.8065173704983448,0.7984521967933613
450,0.000327275821516858,600.0,3.9989505077429146,0.8036259017768075,0.836088272626744,395.13285052411993,280.87266534781963,0.7108309647635193,0.9470208107389714,157.52734515515868,0.3986693208276866,14.196784844082508,16.22922387100752,cora,4,10004,110004,16,2.2521592170232907,0.8065173704983448,0.7984521967933613
460,0.000327275821516858,600.0,3.998907047219868,0.8042620248955457,0.8366166972850209,406.46200372476693,297.57556062587446,0.7321116313429774,0.9505336617926466,154.34531802084757,0.37972877318530734,14.569878020082959,16.629923567337393,cora,4,10004,110004,16,2.2521592170232907,0.8065173704983448,0.7984521967933613
470,0.000327275821516858,600.0,3.9988653743914124,0.8051150081683991,0.8368404695188498,417.19536232780194,313.5673399069121,0.7516079233415196,0.9538473349937495,151.04318332080678,0.3620442530282203,14.92869259667551,17.01787658076982,cora,4,10004,110004,16,2.2521592170232907,0.8065173704983448,0.7984521967933613
480,0.000327275821516858,600.0,3.998825504557093,0.806040278159291,0.8372316462442029,427.3476764539135,328.82326135099566,0.7694513845951775,0.9569549200902007,147.66383942260117,0.34553560849540665,15.272996990772937,17.39263423472338,cora,4,10004,110004,16,2.2521592170232907,0.8065173704983448,0.7984521967933613
490,0.000327275821516858,600.0,3.9987874293862773,0.8065173704983446,0.8375047724038375,436.9390835266925,343.335376879731,0.7857740124974576,0.9598582876297064,144.2411311658684,0.3301172557090713,15.602723801946391,17.753933845317672,cora,4,10004,110004,16,2.2521592170232907,0.8065173704983448,0.7984521967933613
500,0.000327275821516858,600.0,3.9987511230589345,0.8063294250314448,0.837213606711319,445.9934559058388,357.10954783779977,0.8007058020896055,0.9625644688011593,140.80110978065065,0.3157021878150103,15.917936940877587,18.101665266063836,cora,4,10004,110004,16,2.2521592170232907,0.8065173704983448,0.7984521967933613
510,0.000327275821516858,600.0,3.9987165472052295,0.8065173704983448,0.8374426641211996,454.53698627246007,370.16255441705624,0.8143727916459854,0.9650830220677838,137.36370493021954,0.30220578100080187,16.218802466438877,18.435840687430463,cora,4,10004,110004,16,2.2521592170232907,0.8065173704983448,0.7984521967933613
520,0.000327275821516858,600.0,3.9986836545990885,0.8064306264366986,0.8376271823939225,462.5970242143417,382.51929984782504,0.8268952886099564,0.9674243470671994,133.9444463089847,0.2895488714750623,16.50556385968306,18.756568611791387,cora,4,10004,110004,16,2.2521592170232907,0.8065173704983448,0.7984521967933613
530,0.000327275821516858,600.0,3.998652391755138,0.8057077592563142,0.8371596686269045,470.20116267263126,394.2102082666285,0.8383862898720436,0.96959875178585,130.5559660039027,0.27765981109408666,16.77852199695607,19.06403238915959,cora,4,10004,110004,16,2.2521592170232907,0.8065173704983448,0.7984521967933613
540,0.000327275821516858,600.0,3.998622700677514,0.8052884962916913,0.8370585304175688,477.3765580334416,405.268934793207,0.8489502217342159,0.9716160399787875,127.20914061758393,0.26647546570284786,17.03801963690006,19.358473207250743,cora,4,10004,110004,16,2.2521592170232907,0.8065173704983448,0.7984521967933613
550,0.000327275821516858,600.0,3.998594520026228,0.805216209573653,0.8371775259705236,484.1494561390031,415.7304749819581,0.858682106755478,0.97348541187663,123.91384373750857,0.2559413052442466,17.284429898150798,19.640177064617582,cora,4,10004,110004,16,2.2521592170232907,0.8065173704983448,0.7984521967933613
560,0.000327275821516858,600.0,3.9985677859313133,0.80517283754283,0.8372577498979867,490.5448898931853,425.62970965319056,0.867667197075216,0.9752155227766794,120.67935354013308,0.2460108259743785,17.518148011490545,19.90946504667474,cora,4,10004,110004,16,2.2521592170232907,0.8065173704983448,0.7984521967933613
570,0.000327275821516858,600.0,3.998542432625918,0.8049559773887145,0.8371524070140335,496.5865123241374,435.000372297175,0.8759810456012481,0.9768145973816933,117.51449642665266,0.23664455942763765,17.739585573221408,20.166686157545442,cora,4,10004,110004,16,2.2521592170232907,0.8065173704983448,0.7984521967933613
580,0.000327275821516858,600.0,3.9985183930080868,0.8050427214503608,0.8373706560729979,502.2965308700683,443.8743907865103,0.8836899391234888,0.9782905416886585,114.42761480127864,0.22780888930900905,17.949166572380626,20.412211999493202,cora,4,10004,110004,16,2.2521592170232907,0.8065173704983448,0.7984521967933613
590,0.000327275821516858,600.0,3.99849559918928,0.8048258612962456,0.8373292211199281,507.6957129025544,452.2815356494283,0.8908515950699742,0.9796510256918335,111.42643691556354,0.2194748430679587,18.147324573113835,20.646432694649764,cora,4,10004,110004,16,2.2521592170232907,0.8065173704983448,0.7984521967933613
600,0.000327275821516858,600.0,3.9984739830502596,0.8045077997368764,0.8371796192742714,512.8034378445744,460.24930151519743,0.8975160218303653,0.9809035300348998,108.51790887126614,0.211616968340522,18.334500569345405,20.869753574526936,cora,4,10004,110004,16,2.2521592170232907,0.8065173704983448,0.7984521967933613
390,0.000327275821516858,600.0,3.999246199043009,0.7992742413508941,0.8329832149000493,322.33204249109536,188.60467528265693,0.5851254309843157,0.9252939870259443,164.21407787061094,0.5094562631797535,11.673697404917538,13.58986496546643,cora,5,10005,110005,16,2.052081903035287,0.8072113229915135,0.7991392097615984
400,0.000327275821516858,600.0,3.9991984243321568,0.8004163714959013,0.8341266435707089,336.15913811691826,207.75395165683577,0.6180226211330231,0.9281488505456037,162.86137973308107,0.48447702670048154,12.094358788323431,14.023879116711926,cora,5,10005,110005,16,2.052081903035287,0.8072113229915135,0.7991392097615984
410,0.000327275821516858,600.0,3.9991514938384336,0.8012838121123627,0.8350297169313355,349.40363194625326,226.38514845683184,0.6479187042098502,0.9311724136427193,161.31349280038373,0.4616823583138874,12.506413356603051,14.452076770164101,cora,5,10005,110005,16,2.052081903035287,0.8072113229915135,0.7991392097615984
420,0.000327275821516858,600.0,3.9991054940178934,0.8020211366363545,0.835611940721593,362.05101550129564,244.31094888456505,0.6747970270054131,0.9343220268381072,159.6294282778686,0.4409031364180702,12.908877329376725,14.87313771016775,cora,5,10005,110005,16,2.052081903035287,0.8072113229915135,0.7991392097615984
430,0.000327275821516858,600.0,3.9990604848958333,0.8031777241249693,0.8366567830401253,374.1060780973008,261.4214917144213,0.6987897471327063,0.9375582484039681,157.83327855185678,0.42189445131336817,13.301113022499559,15.286101800944616,cora,5,10005,110005,16,2.052081903035287,0.8072113229915135,0.7991392097615984
440,0.000327275821516858,600.0,3.99901651761185,0.8039584206797843,0.8371920224635216,385.5869252642294,277.67304953781655,0.7201308741149269,0.9408441765490473,155.92526798662166,0.40438421992595175,13.682723166075835,15.690273750289425,cora,5,10005,110005,16,2.052081903035287,0.8072113229915135,0.7991392097615984
450,0.000327275821516858,600.0,3.99897364475104,0.8049270627014992,0.8380588250997139,396.51960551235413,293.07266698496534,0.7391126766765489,0.9441444442770104,153.8931842330853,0.3881098994694993,14.05345824481113,16.085135897734673,cora,5,10005,110005,16,2.052081903035287,0.8072113229915135,0.7991392097615984
460,0.000327275821516858,600.0,3.998931924210457,0.8053607830097298,0.8386013023193168,406.93378595125705,307.662074571995,0.7560494733874151,0.9474245999177701,151.72195726745565,0.37284187871692,14.413145507919776,16.47027883856776,cora,5,10005,110005,16,2.052081903035287,0.8072113229915135,0.7991392097615984
470,0.000327275821516858,600.0,3.9988914182926423,0.806141479564545,0.8393524989383225,416.85961741569344,321.5030562673241,0.7712501831203296,0.9506512808939543,149.40035605391606,0.35839488838021377,14.761641939456695,16.845353411733377,cora,5,10005,110005,16,2.052081903035287,0.8072113229915135,0.7991392097615984
480,0.000327275821516858,600.0,3.9988521899751244,0.806820974714106,0.8400778303919819,426.32572230924586,334.6654607137753,0.7849994574594715,0.9537931730919783,146.92467357450363,0.34463009357884394,15.098809068457932,17.210043015024176,cora,5,10005,110005,16,2.052081903035287,0.8072113229915135,0.7991392097615984
490,0.000327275821516858,600.0,3.9988142981173644,0.8072113229915135,0.8404077195024537,435.3581199168381,347.21831903156453,0.7975464408425184,0.9568224192961584,144.299838129633,0.33145089416776485,15.424505027141198,17.564052488098707,cora,5,10005,110005,16,2.052081903035287,0.8072113229915135,0.7991392097615984
500,0.000327275821516858,600.0,3.998777792936438,0.8069510908065751,0.8401908096003675,443.9798559120553,359.22403278037206,0.8090998454027339,0.9597160085696926,141.53866921589795,0.31879525012489374,15.738588386381394,17.907108660969357,cora,5,10005,110005,16,2.052081903035287,0.8072113229915135,0.7991392097615984
510,0.000327275821516858,600.0,3.9987427125689274,0.8067631453396753,0.8403449531851328,452.2111038599985,370.7352672735703,0.8198278726661861,0.9624567454781453,138.66005399879216,0.30662682277196,16.040928555183445,18.238967694381778,cora,5,10005,110005,16,2.052081903035287,0.8072113229915135,0.7991392097615984
520,0.000327275821516858,600.0,3.998709081058031,0.8061414795645448,0.8402806924449984,460.0695375434496,381.79399314359875,0.8298614926391243,0.965033585482782,135.6867243373665,0.29492655623727765,16.331418473648725,18.559425106510062,cora,5,10005,110005,16,2.052081903035287,0.8072113229915135,0.7991392097615984
530,0.000327275821516858,600.0,3.9986769077369604,0.8059390767540372,0.8404694004844057,467.5708183837991,392.4320447102561,0.8392996938233507,0.9674413306117245,132.64313391349745,0.2836856550885499,16.60998656551823,18.868325497509634,cora,5,10005,110005,16,2.052081903035287,0.8072113229915135,0.7991392097615984
540,0.000327275821516858,600.0,3.9986461877522057,0.8060691928465064,0.8414626927675178,474.72909047048006,402.6725886803586,0.8482155333714437,0.9696798330171509,129.55373189870278,0.27290034358397675,16.876606147870586,19.16557014297257,cora,5,10005,110005,16,2.052081903035287,0.8072113229915135,0.7991392097615984
550,0.000327275821516858,600.0,3.9986169033747534,0.8061270222209371,0.8415552113951232,481.5574190314899,412.53199334049975,0.8566621072315439,0.9717529234437183,126.44174917212501,0.2625683753900524,17.131301530437216,19.45112162628717,cora,5,10005,110005,16,2.052081903035287,0.8072113229915135,0.7991392097615984
560,0.000327275821516858,600.0,3.998589025751669,0.80635833971866,0.8419864757862123,488.06814242998007,422.0217226839849,0.8646778717882198,0.973667275837757,123.32848068303282,0.2526870122458893,17.374150786469276,19.725005417972717,cora,5,10005,110005,16,2.052081903035287,0.8072113229915135,0.7991392097615984
570,0.000327275821516858,600.0,3.9985625168139824,0.8065751998727753,0.8423277467260585,494.27313173847836,431.15001946346877,0.8722910305624133,0.9754313672561261,120.23296982366386,0.24325208493687564,17.60528563403715,19.987308770333062,cora,5,10005,110005,16,2.052081903035287,0.8072113229915135,0.7991392097615984
580,0.000327275821516858,600.0,3.9985373311431167,0.8065607425291678,0.8423812291134125,500.1839664393943,439.9232621662966,0.8795229189330696,0.9770546248042252,117.17197095250503,0.23425775077638838,17.82488907633578,20.238177516208243,cora,5,10005,110005,16,2.052081903035287,0.8072113229915135,0.7991392097615984
590,0.000327275821516858,600.0,3.9985134176811616,0.8070812068990445,0.8430637727448578,505.8120417600212,448.34697091743783,0.8863904650379059,0.9785467907535558,114.1600708652805,0.22569662530779153,18.033191480891897,20.477811405227428,cora,5,10005,110005,16,2.052081903035287,0.8072113229915135,0.7991392097615984
600,0.000327275821516858,600.0,3.9984907212360277,0.8067631453396753,0.8431593826979104,511.1686248505106,456.42649407467945,0.8929078818328486,0.9799174940139359,111.20987414350401,0.21756005501321005,18.230465700846366,20.70645854725812,cora,5,10005,110005,16,2.052081903035287,0.8072113229915135,0.7991392097615984
390,0.000327275821516858,600.0,3.9993472241944104,0.8424149546762277,0.8557109308720514,287.24667366467077,158.29869856827847,0.5510897534468057,0.9041484995107752,159.1994479602713,0.5542255578775451,11.06522726799218,13.002242757815624,cora,6,10006,110006,16,2.5457695180084556,0.8503375789732395,0.8418342031835071
400,0.000327275821516858,600.0,3.9993017377559834,0.8444389827813038,0.8574326187995158,300.2282579315093,174.1101619423747,0.5799259641379069,0.90710127704752,160.05600620170523,0.5331143953751969,11.472604536398283,13.419417661217421,cora,6,10006,110006,16,2.5457695180084556,0.8503375789732395,0.8418342031835071
410,0.000327275821516858,600.0,3.999255827427526,0.8463039801066953,0.8587520954772425,312.9468575342784,189.62172403739606,0.6059230807793812,0.9106478161141118,160.66635566038403,0.5133982073706733,11.877687483637374,13.837182605115823,cora,6,10006,110006,16,2.5457695180084556,0.8503375789732395,0.8418342031835071
420,0.000327275821516858,600.0,3.99920964336218,0.8475906836877793,0.8595337470633136,325.3908471917861,204.75086171222065,0.6292459160399801,0.9147227816442415,160.98768431065616,0.49475172918975696,12.279479902566,14.254296839013803,cora,6,10006,110006,16,2.5457695180084556,0.8503375789732395,0.8418342031835071
430,0.000327275821516858,600.0,3.9991633661542285,0.848747271176394,0.8604173416461722,337.55494704809155,219.48168044895624,0.6502102320476039,0.9192297644519366,160.96386453697818,0.47685233454465004,12.677057485940034,14.669594001819293,cora,6,10006,110006,16,2.5457695180084556,0.8503375789732395,0.8418342031835071
440,0.000327275821516858,600.0,3.999117208955297,0.849629169136463,0.861421565912469,349.43545581118036,233.84709058890854,0.669213975571126,0.9240457899518394,160.54216083272325,0.45943294580694527,13.069496090106385,15.08191888126123,cora,6,10006,110006,16,2.5457695180084556,0.8503375789732395,0.8418342031835071
450,0.000327275821516858,600.0,3.9990714103431255,0.8503375789732395,0.8621549479796696,361.0268738239038,247.90723256976702,0.6866725181535583,0.9290314627452988,159.68590395773637,0.4423102974755988,13.45583029241161,15.49009029908369,cora,6,10006,110006,16,2.5457695180084556,0.8503375789732395,0.8418342031835071
460,0.000327275821516858,600.0,3.9990262208757485,0.8502363775679855,0.8623666537629395,372.3201548355118,261.7286873840275,0.7029667451112263,0.9340448096804655,158.38158283593563,0.42539083844630277,13.835044639554996,15.892893631748528,cora,6,10006,110006,16,2.5457695180084556,0.8503375789732395,0.8418342031835071
470,0.000327275821516858,600.0,3.998981886983058,0.8498749439777935,0.8627132121118244,383.30245982660074,275.36780777643423,0.7184086632290483,0.9389556854126793,156.64048369895457,0.4086602621068906,14.20609257903268,16.289099166246018,cora,6,10006,110006,16,2.5457695180084556,0.8503375789732395,0.8418342031835071
480,0.000327275821516858,600.0,3.9989386355963172,0.8497303705417167,0.863191471795158,393.95804826128153,288.8600074835079,0.7332252983747388,0.9436574896837026,154.49598643290938,0.39216354917680035,14.567933758160615,16.67749800180229,cora,6,10006,110006,16,2.5457695180084556,0.8503375789732395,0.8418342031835071
490,0.000327275821516858,600.0,3.9988966620326085,0.8498894013214012,0.8637363685405541,404.2698398096826,302.2153784402653,0.74755855787446,0.9480739352069331,151.9980568956333,0.375981688288172,14.919579126126665,17.056945648117505,cora,6,10006,110006,16,2.5457695180084556,0.8503375789732395,0.8418342031835071
500,0.000327275821516858,600.0,3.9988561224773655,0.8496869985108935,0.863535533025546,414.2211915478741,315.41980105934846,0.7614767363318093,0.9521602262453294,149.20653076126035,0.36020979564976124,15.260134418381968,17.426404290888073,cora,6,10006,110006,16,2.5457695180084556,0.8503375789732395,0.8418342031835071
510,0.000327275821516858,600.0,3.9988171312524434,0.8496580838236782,0.8636679973336845,423.7975260766225,328.4399319897278,0.774992565507204,0.9558995567257509,146.18457939588868,0.3449396714256858,15.58883521526595,17.78497704412691,cora,6,10006,110006,16,2.5457695180084556,0.8503375789732395,0.8418342031835071
520,0.000327275821516858,600.0,3.99877976216011,0.8488629299252556,0.8637952238488446,432.9875752915123,341.2301692969523,0.7880830508062878,0.9592967617817795,142.9933569114652,0.33024817586323074,15.905069915847955,18.13193048405916,cora,6,10006,110006,16,2.5457695180084556,0.8503375789732395,0.8418342031835071
530,0.000327275821516858,600.0,3.9987440526877873,0.8481256054012636,0.8634186859872244,441.78413704263596,353.7398629210893,0.8007074796507471,0.9623710962885026,139.68834237137372,0.316191394526899,16.208389883135773,18.466704589320383,cora,6,10006,110006,16,2.5457695180084556,0.8503375789732395,0.8418342031835071
540,0.000327275821516858,600.0,3.9987100097504493,0.8472581647848025,0.8632543929094041,450.18435156709376,365.9195113212337,0.8128214809054696,0.9651496654339949,136.3174266640864,0.30280356522736707,16.49850819672266,18.78891137581234,cora,6,10006,110006,16,2.5457695180084556,0.8503375789732395,0.8418342031835071
550,0.000327275821516858,600.0,3.9986776158396222,0.8465063829172029,0.8632663622316692,458.1895776999514,377.7252700548058,0.8243864296323251,0.9676623458699384,132.92045103906887,0.2900992460507531,16.77528969660344,19.09832478862111,cora,6,10006,110006,16,2.5457695180084556,0.8503375789732395,0.8418342031835071
560,0.000327275821516858,600.0,3.998646834793531,0.8456389423007418,0.8631220892137758,465.8049837271436,389.12162494082804,0.835374541996668,0.9699384101443748,129.52973387651167,0.2780771747869207,17.038735382721857,19.394864838973906,cora,6,10006,110006,16,2.5457695180084556,0.8503375789732395,0.8418342031835071
570,0.000327275821516858,600.0,3.9986176167660075,0.8448004163714959,0.8629028330546835,473.03897121424706,400.0824510434287,0.8457705926775002,0.9720046533292876,126.17111240672367,0.26672456200142275,17.288963979334245,19.678578764000182,cora,6,10006,110006,16,2.5457695180084556,0.8503375789732395,0.8418342031835071
580,0.000327275821516858,600.0,3.9985899022634466,0.8435137127904119,0.8625577443322842,479.90253318472196,410.59086526428706,0.8555713647509425,0.9738846345584893,122.86512264559968,0.2560209920757117,17.526192865336576,19.94962141479252,cora,6,10006,110006,16,2.5457695180084556,0.8503375789732395,0.8418342031835071
590,0.000327275821516858,600.0,3.9985636253056422,0.842501698737874,0.8624986200251518,486.40862160473046,420.638316165117,0.8647838411608989,0.9755986278954185,119.6280786534493,0.24594152599265087,17.75071986060864,20.208236389687823,cora,6,10006,110006,16,2.5457695180084556,0.8503375789732395,0.8418342031835071
340,0.000327275821516858,600.0,3.999475708209429,0.8109413176422964,0.8494962617998908,259.1513024139883,124.01675959173183,0.4785496288713143,0.9071297175600022,155.6627127425784,0.6006634398229294,9.61777577299827,11.546665149969549,cora,7,10007,110007,16,3.4011033029528335,0.8168832858650551,0.8087144530064045
350,0.000327275821516858,600.0,3.999432336556695,0.8132689499631338,0.8513626777513782,273.4705138325359,142.23247302331092,0.5201016776178263,0.9084659308349987,156.02599975458662,0.5705404855827771,10.028696163665265,11.956519629131794,cora,7,10007,110007,16,3.4011033029528335,0.8168832858650551,0.8087144530064045
360,0.000327275821516858,600.0,3.9993888598160248,0.814960459165233,0.8529118222983436,287.37367798851415,160.59990500893198,0.5588539149899139,0.9102845956809132,156.05355958737704,0.5430335884611334,10.438345261213234,12.368835207100231,cora,7,10007,110007,16,3.4011033029528335,0.8168832858650551,0.8087144530064045
370,0.000327275821516858,600.0,3.99934542236046,0.8154809235351096,0.8534974705947161,300.7883284220235,178.70381939848394,0.5941181971254952,0.9125752937787507,155.89463430009093,0.5182868468265887,10.8448753342349,12.781499478738677,cora,7,10007,110007,16,3.4011033029528335,0.8168832858650551,0.8087144530064045
380,0.000327275821516858,600.0,3.9993021039497787,0.8158568144689093,0.8538886164259167,313.67817444158663,196.22492058700763,0.6255612808775408,0.9153179104612468,155.62738143829617,0.4961371052204884,11.247002074714533,13.192913120116637,cora,7,10007,110007,16,3.4011033029528335,0.8168832858650551,0.8087144530064045
390,0.000327275821516858,600.0,3.99925895850045,0.8165218522748632,0.8545127021600996,326.03637150293605,212.96012386290298,0.6531790391397643,0.9184750546311692,155.26506187451943,0.47622006452467597,11.643887154608443,13.601903697842854,cora,7,10007,110007,16,3.4011033029528335,0.8168832858650551,0.8087144530064045
400,0.000327275821516858,600.0,3.999216044731271,0.8168832858650551,0.8550625592360904,337.87670199764926,228.81883314173342,0.6772258394523023,0.9219879055152085,154.77805752461455,0.4580903525147212,12.034985462019169,14.007597511145166,cora,7,10007,110007,16,3.4011033029528335,0.8168832858650551,0.8087144530064045
410,0.000327275821516858,600.0,3.9991734428036567,0.8166375110237246,0.855482303621033,349.2248283616474,243.80178444177267,0.6981227124816521,0.925777473236771,154.11967087645394,0.4413193403215076,12.419899509926644,14.409290429674215,cora,7,10007,110007,16,3.4011033029528335,0.8168832858650551,0.8087144530064045
420,0.000327275821516858,600.0,3.9991312574827913,0.8164351082132169,0.8557325764225785,360.1111025439098,257.97157678287283,0.7163666295221134,0.9297511248729321,153.2465431614736,0.4255535085669502,12.798268463151654,14.806345689545031,cora,7,10007,110007,16,3.4011033029528335,0.8168832858650551,0.8087144530064045
430,0.000327275821516858,600.0,3.9990896121173405,0.8159001864997325,0.855659646051173,370.56557869678386,271.42317211701345,0.7324565143680172,0.9338123574452868,152.12999109450615,0.41053459857097757,13.169701606174366,15.198130168896402,cora,7,10007,110007,16,3.4011033029528335,0.8168832858650551,0.8087144530064045
440,0.000327275821516858,600.0,3.999048638578363,0.8152062340065637,0.8551587408707874,380.6151861672681,284.25988491385897,0.7468432559833172,0.9378708892322878,150.75905280504182,0.39609311000740804,13.533752348217776,15.583987280178341,cora,7,10007,110007,16,3.4011033029528335,0.8168832858650551,0.8087144530064045
450,0.000327275821516858,600.0,3.9990084672026103,0.8147002269802947,0.8548409443882812,390.2826128371576,296.57722397458974,0.7599037574813364,0.9418504530883725,149.13817761803742,0.3821286747413064,13.889921563888239,15.963237088530205,cora,7,10007,110007,16,3.4011033029528335,0.8168832858650551,0.8087144530064045
460,0.000327275821516858,600.0,3.9989692189921047,0.8142520493284564,0.8545446243852945,399.58631483338064,308.4544066654147,0.7719343611505662,0.9456928842820933,147.28265515114785,0.3685878361789285,14.23767756373511,16.33519227261174,cora,7,10007,110007,16,3.4011033029528335,0.8168832858650551,0.8087144530064045
470,0.000327275821516858,600.0,3.9989310007214254,0.8140207318307333,0.8541629263944501,408.541122198945,319.9518593058876,0.7831570481418573,0.9493585146669784,145.21400841663134,0.35544526738220805,14.57648214240201,16.699180186694182,cora,7,10007,110007,16,3.4011033029528335,0.8168832858650551,0.8087144530064045
480,0.000327275821516858,600.0,3.998893902593196,0.813529182148072,0.8538945646275242,417.15905257986964,331.11251514050684,0.793732062369932,0.9528238945685757,142.95647974463907,0.342690584947257,14.905815729419748,17.054564454661595,cora,7,10007,110007,16,3.4011033029528335,0.8168832858650551,0.8087144530064045
490,0.000327275821516858,600.0,3.9988579976742633,0.8129942604345877,0.8533779894444962,425.4501002245719,341.96493501615436,0.8037721341131422,0.9560782083844462,140.53486857425932,0.33032045003651106,15.225198086257315,17.40076267993132,cora,7,10007,110007,16,3.4011033029528335,0.8168832858650551,0.8087144530064045
500,0.000327275821516858,600.0,3.998823342356244,0.812705113562434,0.8529278806022144,433.42289298646904,352.5268430661288,0.813355382861916,0.9591195466445206,137.9734822547697,0.31833455151405,15.534203483357603,17.73725920124541,cora,7,10007,110007,16,3.4011033029528335,0.8168832858650551,0.8087144530064045
510,0.000327275821516858,600.0,3.9987899772923003,0.8126183695007879,0.8527891153867007,441.0851917933183,362.80828702834697,0.8225356320698022,0.961951740078428,135.29579227220165,0.30673392530393073,15.832470720039622,18.06361319135698,cora,7,10007,110007,16,3.4011033029528335,0.8168832858650551,0.8087144530064045
520,0.000327275821516858,600.0,3.998757928499047,0.8118665876331883,0.8520563626950078,448.4442494725393,372.8141203926771,0.8313499857143481,0.9645820146456887,132.52442681879046,0.29552040632623977,16.119708937820285,18.379462966547894,cora,7,10007,110007,16,3.4011033029528335,0.8168832858650551,0.8087144530064045
530,0.000327275821516858,600.0,3.99872720849183,0.8109557749859042,0.8511289054881118,455.5070607107253,382.5458033714702,0.8398240913644367,0.9670194269958595,129.68125319522716,0.28469647208736165,16.395700248336485,18.68452744855925,cora,7,10007,110007,16,3.4011033029528335,0.8168832858650551,0.8087144530064045
540,0.000327275821516858,600.0,3.9986978174231074,0.8098714742153277,0.8499543248645598,462.2805344370653,392.0026549481487,0.8479756895355839,0.9692739040363451,126.78742603749075,0.27426511953804006,16.66030003071714,18.978605563076574,cora,7,10007,110007,16,3.4011033029528335,0.8168832858650551,0.8087144530064045
550,0.000327275821516858,600.0,3.998669744233716,0.8090474056296896,0.849016273988109,468.7716131318555,401.1827155047553,0.8558169997207385,0.9713556908319629,123.86336201136204,0.26422965585273595,16.913435530578287,19.26157414537519,cora,7,10007,110007,16,3.4011033029528335,0.8168832858650551,0.8087144530064045
410,0.000327275821516858,600.0,3.999180494780722,0.8106666281137505,0.8436263052160811,335.39512610371617,202.7975732257275,0.60465271389488,0.9280362986372821,165.44384817305522,0.4932804185171554,12.309658454500669,14.26859401816803,cora,8,10008,110008,16,3.5366547770099714,0.8185892524107621,0.8104033598866545
420,0.000327275821516858,600.0,3.9991320608383614,0.8117943009151498,0.8450946703612887,348.91716531216707,221.2198801657031,0.6340183348898397,0.9317222062480774,163.8504477623255,0.4695969818960692,12.72682180174205,14.703012551346811,cora,8,10008,110008,16,3.5366547770099714,0.8185892524107621,0.8104033598866545
430,0.000327275821516858,600.0,3.9990846509083036,0.8123147652850264,0.8462543644078724,361.9047657285502,239.1827462115004,0.6608996864962576,0.9355255479156526,161.93421077269352,0.44744978819691383,13.134475941478886,15.130438182662981,cora,8,10008,110008,16,3.5366547770099714,0.8185892524107621,0.8104033598866545
440,0.000327275821516858,600.0,3.9990384270840242,0.8135436394916797,0.8474810807918103,374.34110638028875,256.5809683530897,0.685420232990475,0.9393573816334244,159.73963812103193,0.42672214031112654,13.531532777438223,15.549479722085911,cora,8,10008,110008,16,3.5366547770099714,0.8185892524107621,0.8104033598866545
450,0.000327275821516858,600.0,3.9989935218326225,0.8145122815133947,0.8485212081539204,386.2212894186616,273.35246472824355,0.7077612555736954,0.9431438922488277,157.30380348056133,0.40728931260452844,13.91714782289192,15.959006512297492,cora,8,10008,110008,16,3.5366547770099714,0.8185892524107621,0.8104033598866545
460,0.000327275821516858,600.0,3.9989500417979573,0.8154086368170711,0.8494425984957708,397.5491662318092,289.4666922502419,0.7281280325499542,0.9468283240807818,154.65937033741187,0.3890320581058159,14.290673412299771,16.358107859577153,cora,8,10008,110008,16,3.5366547770099714,0.8185892524107621,0.8104033598866545
470,0.000327275821516858,600.0,3.9989080703773774,0.8163628214951784,0.8501347280699372,408.3347754645206,304.91475285194497,0.7467273697300817,0.9503701244244857,151.83630793703446,0.371842706182215,14.65162121515271,16.746058568101382,cora,8,10008,110008,16,3.5366547770099714,0.8185892524107621,0.8104033598866545
480,0.000327275821516858,600.0,3.998867669667819,0.8175627810146163,0.8511944021962461,418.5923720065778,319.70187093362455,0.7637546508578057,0.9537424150291341,148.86286317136364,0.3556272716049981,14.999633662748137,17.122291070865714,cora,8,10008,110008,16,3.5366547770099714,0.8185892524107621,0.8104033598866545
490,0.000327275821516858,600.0,3.998828882079173,0.8181844467897469,0.8520283084807447,428.33895926214404,333.8420245940392,0.7793874859506473,0.9569289459656771,145.76618492882272,0.3403056896340209,15.334462803823332,17.48637345381638,cora,8,10008,110008,16,3.5366547770099714,0.8185892524107621,0.8104033598866545
500,0.000327275821516858,600.0,3.998791731759031,0.8183434775694314,0.8524634715155406,437.5932248720969,347.3542140836761,0.793783345674978,0.9599213325417901,142.5727253333673,0.32581108945422893,15.655954923187448,17.83799232328492,cora,8,10008,110008,16,3.5366547770099714,0.8185892524107621,0.8104033598866545
510,0.000327275821516858,600.0,3.998756225943117,0.8183290202258237,0.8524904519666575,446.3747898020376,360.2599013758038,0.8070794086188765,0.9627169168569755,139.30839577569924,0.31208840409083366,15.964039403200973,18.17693944464397,cora,8,10008,110008,16,3.5366547770099714,0.8185892524107621,0.8104033598866545
520,0.000327275821516858,600.0,3.9987223563487793,0.8179386719484163,0.8525942587020221,454.70369449835954,372.58130569773476,0.8193936187582019,0.9653172482759734,135.99845887565968,0.299092487088095,16.258720511039865,18.50310113962083,cora,8,10008,110008,16,3.5366547770099714,0.8185892524107621,0.8104033598866545
530,0.000327275821516858,600.0,3.998690100704885,0.8176495250762625,0.853078933013116,462.6000581292891,384.34035487349746,0.830826430130021,0.9677270147993353,132.6672082650333,0.28678597404748923,16.540071000561266,18.816449524264964,cora,8,10008,110008,16,3.5366547770099714,0.8185892524107621,0.8104033598866545
540,0.000327275821516858,600.0,3.998659424454577,0.8173748355477166,0.8531505456445325,470.08385802368434,395.5581427031186,0.8414629346476924,0.9699532433621592,129.33754475910297,0.27513717510501395,16.808226643830473,19.117034815157353,cora,8,10008,110008,16,3.5366547770099714,0.8185892524107621,0.8104033598866545
550,0.000327275821516858,600.0,3.9986302826026083,0.817577238358224,0.8535213850491241,477.17478743181783,406.25475406832584,0.8513751454782686,0.9720046454463637,126.03056574479868,0.2641182415003576,17.063381059334912,19.404978128205897,cora,8,10008,110008,16,3.5366547770099714,0.8185892524107621,0.8104033598866545
560,0.000327275821516858,600.0,3.9986026216322945,0.8177796411687317,0.853661581558832,483.8921607627224,416.4493245903768,0.8606242430833337,0.9738910519301976,122.76525215013957,0.2537037424963323,17.3057804579363,19.680464412622793,cora,8,10008,110008,16,3.5366547770099714,0.8185892524107621,0.8104033598866545
570,0.000327275821516858,600.0,3.9985763813998663,0.817996501322847,0.8535963184393675,490.25484568867853,426.1602178669048,0.8692626327196467,0.9756229262919393,119.55828923969212,0.2438696736831725,17.53571814866346,19.943735361900956,cora,8,10008,110008,16,3.5366547770099714,0.8185892524107621,0.8104033598866545
580,0.000327275821516858,600.0,3.998551496922856,0.8184157642874698,0.8541210922282332,496.28120998004414,435.4052316966818,0.8773357180179959,0.9772109631873522,116.42401578511368,0.2345928345540126,17.75352880865603,20.19508229345813,cora,8,10008,110008,16,3.5366547770099714,0.8185892524107621,0.8104033598866545
590,0.000327275821516858,600.0,3.998527900003087,0.8183434775694314,0.8538483663873784,501.98907708492436,444.2017779238441,0.8848833534453499,0.978665778545618,113.3744716196438,0.2258504752294911,17.95958261738062,20.434839078215717,cora,8,10008,110008,16,3.5366547770099714,0.8185892524107621,0.8104033598866545
600,0.000327275821516858,600.0,3.9985055206524476,0.8185892524107621,0.8541283260683166,507.39568830129764,452.56701048219395,0.8919409859341458,0.9799976886455355,110.41950651052004,0.21762011198832185,18.15427939327632,20.663375237037474,cora,8,10008,110008,16,3.5366547770099714,0.8185892524107621,0.8104033598866545
390,0.000327275821516858,600.0,3.9992366063569866,0.7688993624311469,0.8175999581445734,319.72843998169174,181.57179382509335,0.567893784598863,0.9233183397144095,167.30380128759407,0.5232684377316394,11.831074114933445,13.714204506324927,cora,9,10009,110009,16,3.4138736330205575,0.7764894678251818,0.76872457314693
400,0.000327275821516858,600.0,3.999186875559928,0.7708077317873614,0.8190634179634472,333.85926120457316,200.2299434572686,0.5997435648028262,0.9264621722210183,166.39891621462255,0.49841036493716184,12.26109530456257,14.155593169099786,cora,9,10009,110009,16,3.4138736330205575,0.7764894678251818,0.76872457314693
410,0.000327275821516858,600.0,3.9991377901439757,0.7715595136549611,0.8194314455794638,347.52598800976267,218.61542759899558,0.6290620993583198,0.9299362306018264,165.118315861658,0.4751250886509803,12.683337600053102,14.592230339976977,cora,9,10009,110009,16,3.4138736330205575,0.7764894678251818,0.76872457314693
420,0.000327275821516858,600.0,3.9990895565487614,0.7727883878616143,0.8204071979146619,360.69383502646417,236.57613586019943,0.6558918198389551,0.9336375038618409,163.4956667763055,0.4532810125914955,13.096402256904273,15.022456895564515,cora,9,10009,110009,16,3.4138736330205575,0.7764894678251818,0.76872457314693
430,0.000327275821516858,600.0,3.9990423588828428,0.7739160606630138,0.8208238933791434,373.34131094256657,254.0161056856706,0.6803857441984166,0.937459713171618,161.55644222931596,0.43273122339833753,13.499163494770483,15.444887287433831,cora,9,10009,110009,16,3.4138736330205575,0.7764894678251818,0.76872457314693
440,0.000327275821516858,600.0,3.9989963605622547,0.7743497809712442,0.82099415795196,385.45689855807257,270.8813708693216,0.7027539833445499,0.9413030942915116,159.3267162315028,0.41334508949642984,13.890715629934032,15.858363904177372,cora,9,10009,110009,16,3.4138736330205575,0.7764894678251818,0.76872457314693
450,0.000327275821516858,600.0,3.998951702220415,0.7740606340990905,0.8206628598111851,397.03655140740193,287.1451143171289,0.7232208553576905,0.9450825598043667,156.83776583034674,0.39502097546030324,14.270333386970433,16.261921712155008,cora,9,10009,110009,16,3.4138736330205575,0.7764894678251818,0.76872457314693
460,0.000327275821516858,600.0,3.998908498644498,0.7732654802006679,0.820092966261423,408.0820218982076,302.7956537132317,0.7419970434001656,0.9487327632322515,154.12637340619173,0.3776847916241632,14.637445667700714,16.65476439460902,cora,9,10009,110009,16,3.4138736330205575,0.7764894678251818,0.76872457314693
470,0.000327275821516858,600.0,3.9988668369186198,0.7725136983330683,0.8197788862484572,418.599808679102,317.82873753271235,0.7592663229723533,0.9522094906683436,151.23226806173057,0.36128126417196954,14.991618905921678,17.0362488989607,cora,9,10009,110009,16,3.4138736330205575,0.7764894678251818,0.76872457314693
480,0.000327275821516858,600.0,3.998826776768257,0.7724269542714222,0.8199738484762559,428.60044386471776,332.24390623851406,0.7751832994913617,0.9554878197528156,148.1946055054095,0.3457640038100036,15.33254511490629,17.405874018462548,cora,9,10009,110009,16,3.4138736330205575,0.7764894678251818,0.76872457314693
490,0.000327275821516858,600.0,3.9987883529812542,0.7724992409894605,0.8200514886011614,438.0978888352696,346.0436831505499,0.7898775410001273,0.9585581851380565,145.04902108231974,0.33108815353561316,15.660030834193114,17.763269493042785,cora,9,10009,110009,16,3.4138736330205575,0.7764894678251818,0.76872457314693
500,0.000327275821516858,600.0,3.9987515791120662,0.7728751319232604,0.8202087712256941,447.10890695202505,359.2341220228162,0.8034599992018548,0.9614216832955222,141.82604663299728,0.3172069364482942,15.973985105207678,18.10818387422286,cora,9,10009,110009,16,3.4138736330205575,0.7764894678251818,0.76872457314693
510,0.000327275821516858,600.0,3.9987164515210023,0.7732943948878833,0.8204021108703006,455.6523793032511,371.825527573214,0.8160289388629579,0.9640857105699794,138.5509573066633,0.3040716203842167,16.274406334855843,18.440471047693528,cora,9,10009,110009,16,3.4138736330205575,0.7764894678251818,0.76872457314693
520,0.000327275821516858,600.0,3.998682953010909,0.773395596293137,0.8203023456216907,463.74859555991566,383.8326774318366,0.8276740481950332,0.9665605757623378,135.2446440117584,0.29163353874628606,16.561368932792675,18.76007631176449,cora,9,10009,110009,16,3.4138736330205575,0.7764894678251818,0.76872457314693
530,0.000327275821516858,600.0,3.9986510556835553,0.7738726886321906,0.8205891983121785,471.41857922153656,395.2743602282463,0.838478536168369,0.9688572794600747,131.92494486449186,0.2798467236534086,16.835010880481857,19.06702319041863,cora,9,10009,110009,16,3.4138736330205575,0.7764894678251818,0.76872457314693
540,0.000327275821516858,600.0,3.9986207229706525,0.7747112145614365,0.8212501990043164,478.68350306603287,406.1723707434614,0.8485196756142047,0.9709863353725097,128.6079416422893,0.26867009374364886,17.095523129781984,19.361401915036453,cora,9,10009,110009,16,3.4138736330205575,0.7764894678251818,0.76872457314693
550,0.000327275821516858,600.0,3.99859191100889,0.775607569865113,0.8215839670698288,485.56423028490127,416.5502441194214,0.8578684716438308,0.9729573544952683,125.30891403107292,0.2580686677796444,17.343141233885248,19.643360024958334,cora,9,10009,110009,16,3.4138736330205575,0.7764894678251818,0.76872457314693
560,0.000327275821516858,600.0,3.9985645696111405,0.7759545461116975,0.8214695936868005,492.0809922258224,426.43200944146264,0.8665890700483863,0.9747790885592426,122.04284070167786,0.24801372666244098,17.57813912767816,19.913095053793814,cora,9,10009,110009,16,3.4138736330205575,0.7764894678251818,0.76872457314693
570,0.000327275821516858,600.0,3.998538643069823,0.7759545461116976,0.8208345786072972,498.2531931238507,435.84116324629343,0.8747383243321363,0.9764596810194307,118.8244821700056,0.23848212878481126,17.80082463543224,20.170848924418163,cora,9,10009,110009,16,3.4138736330205575,0.7764894678251818,0.76872457314693
580,0.000327275821516858,600.0,3.9985140709597036,0.7764894678251818,0.8208612443347219,504.09931922542324,444.7999620301529,0.8823657264874171,0.9780069538572892,115.66815933326706,0.22945509926694138,18.011536129384595,20.416903512239816,cora,9,10009,110009,16,3.4138736330205575,0.7764894678251818,0.76872457314693
590,0.000327275821516858,600.0,3.998490789025856,0.7757232286139745,0.8197834952731192,509.63692438846243,453.3290452303936,0.8895137372049027,0.9794286353997296,112.58736375078867,0.22091681030743132,18.21063976646452,20.651576829823373,cora,9,10009,110009,16,3.4138736330205575,0.7764894678251818,0.76872457314693
600,0.000327275821516858,600.0,3.9984687301730175,0.774826873310298,0.8190874498738039,514.8826648241906,461.4473415880006,0.8962184457027006,0.9807324932721957,109.59432138905804,0.21285300297783302,18.398526837125413,20.87521938335311,cora,9,10009,110009,16,3.4138736330205575,0.7764894678251818,0.76872457314693
